<ServiceRequest>
  <shortDesc>C19GetIncidentData</shortDesc>
  <appStack>false</appStack>
  <serviceRequestSteps>
    <serviceRequestSteps type="dataRequest">
      <dataRequest>
        <ssoEnabled>false</ssoEnabled>
        <aliasNaming>true</aliasNaming>
        <showActionControls>false</showActionControls>
        <includeTimings>false</includeTimings>
        <allowCache>false</allowCache>
        <forceUpdate>false</forceUpdate>
        <setDirtyOnly>false</setDirtyOnly>
        <maxPageSize>100</maxPageSize>
        <returnControlIDs>F54HS01.HSINO|F54HS01.HSIDN|F54HS01.HSIDT|F54HS01.HSIST|F54HS01.HSINM|F54HS01.HSIMV|F54HS01.HSIENV|F54HS01.HSIXS|F54HS01.ESTB|F54HS01.CO|F54HS01.MCUS</returnControlIDs>
        <query><complexQuery>
            <complexQuery>
              <query>
                <matchType>MATCH_ALL</matchType>
                <condition>
                  <condition><value>
                      <value>
                        <content>${Incident Date 1}</content>
                        <specialValueId>LITERAL</specialValueId>
                      </value>
                    </value>
                    <controlId>F54HS01.HSIDT</controlId>
                    <operator>GREATER_EQUAL</operator>
                  </condition>
                </condition>
              </query>
            </complexQuery>
          </complexQuery>
        </query>
        <targetName>F54HS01</targetName>
        <targetType>table</targetType>
        <dataServiceType>BROWSE</dataServiceType>
        <variableNames>||||||||||</variableNames>
      </dataRequest>
    </serviceRequestSteps>
  </serviceRequestSteps>
  <productCode>55</productCode>
  <bypassER>false</bypassER>
</ServiceRequest>