<Orchestration>
  <shortDesc>Get Incident Data C19</shortDesc>
  <inputFormat>JDE Standard</inputFormat>
  <version>v2</version>
  <inputTypes>
    <inputTypes type="Date" dateFormat="MM/dd/yyyy">
      <name>startDate</name>
    </inputTypes>
  </inputTypes>
  <productCode>55</productCode>
  <orchestrationSteps>
    <orchestrationSteps type="ServiceRequest" omwObjectName="SRE_1903070002LED">
      <name>C19GetIncidentData</name>
      <outputMappings><formOutputMappings>
          <formOutputMappings>
            <formIndex>0</formIndex>
            <gridOutputMappings>
              <gridOutputMappings><outputMappings>
                  <outputMappings>
                    <name>incidentNumber</name>
                    <id>F54HS01.HSINO</id>
                  </outputMappings>
                  <outputMappings>
                    <name>description</name>
                    <id>F54HS01.HSIDN</id>
                  </outputMappings>
                  <outputMappings>
                    <name>date</name>
                    <id>F54HS01.HSIDT</id>
                  </outputMappings>
                  <outputMappings>
                    <name>status</name>
                    <id>F54HS01.HSIST</id>
                  </outputMappings>
                  <outputMappings>
                    <name>class1</name>
                    <id>F54HS01.HSINM</id>
                  </outputMappings>
                  <outputMappings>
                    <name>class2</name>
                    <id>F54HS01.HSIMV</id>
                  </outputMappings>
                  <outputMappings>
                    <name>class3</name>
                    <id>F54HS01.HSIENV</id>
                  </outputMappings>
                  <outputMappings>
                    <name>class4</name>
                    <id>F54HS01.HSIXS</id>
                  </outputMappings>
                  <outputMappings>
                    <name>branch</name>
                    <id>F54HS01.ESTB</id>
                  </outputMappings>
                  <outputMappings>
                    <name>division</name>
                    <id>F54HS01.CO</id>
                  </outputMappings>
                  <outputMappings>
                    <name>project</name>
                    <id>F54HS01.MCUS</id>
                  </outputMappings>
                </outputMappings>
              </gridOutputMappings>
            </gridOutputMappings>
          </formOutputMappings>
        </formOutputMappings>
      </outputMappings>
      <transformations>
        <transformations input="startDate" output="${Incident Date 1}" defaultValue="01/01/2018"/>
      </transformations>
    </orchestrationSteps>
  </orchestrationSteps>
</Orchestration>